{"minLatitude":52.15166197,"maxLatitude":52.58722581,"minLongitude":16.52571968,"maxLongitude":17.2769318451}